{
  "results": [
    {
      "command": "C:/Users/VIC/gergios/rust/target/release/false.exe ",
      "mean": 0.03891898026086957,
      "stddev": 0.015077606113581965,
      "median": 0.035063702,
      "user": 0.006861413043478259,
      "system": 0.013994565217391298,
      "min": 0.03148930200000001,
      "max": 0.104313102,
      "times": [
        0.104313102,
        0.056356002000000016,
        0.032572402,
        0.03373680200000001,
        0.040218602000000006,
        0.03148930200000001,
        0.03331830200000001,
        0.032632202,
        0.034767502000000006,
        0.034855102,
        0.03733020200000001,
        0.03687710200000001,
        0.035579102,
        0.035758302000000006,
        0.035696802,
        0.03668990200000001,
        0.03730230200000001,
        0.033078102,
        0.03498720200000001,
        0.03698130200000001,
        0.031637802000000007,
        0.035063702,
        0.033895402000000005
      ],
      "memory_usage_byte": [
        0,
        0,
        0,
        0,
        0,
        0,
        0,
        0,
        0,
        0,
        0,
        0,
        0,
        0,
        0,
        0,
        0,
        0,
        0,
        0,
        0,
        0,
        0
      ],
      "exit_codes": [
        1,
        1,
        1,
        1,
        1,
        1,
        1,
        1,
        1,
        1,
        1,
        1,
        1,
        1,
        1,
        1,
        1,
        1,
        1,
        1,
        1,
        1,
        1
      ]
    }
  ]
}
