{
  "results": [
    {
      "command": "C:/Users/VIC/gergios/rust/target/release/true.exe ",
      "mean": 0.035371148,
      "stddev": 0.0020757294673410015,
      "median": 0.035173286,
      "user": 0.0045249999999999995,
      "system": 0.015143749999999997,
      "min": 0.031665285999999994,
      "max": 0.042554086,
      "times": [
        0.03364948599999999,
        0.036629086,
        0.03554488599999999,
        0.035390785999999994,
        0.034953585999999995,
        0.042554086,
        0.035573985999999995,
        0.03442648599999999,
        0.03659848599999999,
        0.033747785999999995,
        0.03885568599999999,
        0.03238998599999999,
        0.03375628599999999,
        0.039056086,
        0.03429298599999999,
        0.035257885999999995,
        0.03669438599999999,
        0.03474788599999999,
        0.03554328599999999,
        0.036316485999999995,
        0.036665185999999995,
        0.03837738599999999,
        0.03623908599999999,
        0.034596685999999995,
        0.03350098599999999,
        0.036869886,
        0.03562688599999999,
        0.03549608599999999,
        0.037090985999999986,
        0.032610485999999994,
        0.03437098599999999,
        0.034229385999999994,
        0.031665285999999994,
        0.039528586,
        0.033542385999999993,
        0.032829585999999994,
        0.034869085999999994,
        0.03547368599999999,
        0.03494258599999999,
        0.03542108599999999,
        0.03482458599999999,
        0.036837586,
        0.036471885999999995,
        0.03863448599999999,
        0.033139185999999994,
        0.03332928599999999,
        0.03318538599999999,
        0.035088685999999994,
        0.03274528599999999,
        0.03437508599999999
      ],
      "memory_usage_byte": [
        0,
        0,
        0,
        0,
        0,
        0,
        0,
        0,
        0,
        0,
        0,
        0,
        0,
        0,
        0,
        0,
        0,
        0,
        0,
        0,
        0,
        0,
        0,
        0,
        0,
        0,
        0,
        0,
        0,
        0,
        0,
        0,
        0,
        0,
        0,
        0,
        0,
        0,
        0,
        0,
        0,
        0,
        0,
        0,
        0,
        0,
        0,
        0,
        0,
        0
      ],
      "exit_codes": [
        0,
        0,
        0,
        0,
        0,
        0,
        0,
        0,
        0,
        0,
        0,
        0,
        0,
        0,
        0,
        0,
        0,
        0,
        0,
        0,
        0,
        0,
        0,
        0,
        0,
        0,
        0,
        0,
        0,
        0,
        0,
        0,
        0,
        0,
        0,
        0,
        0,
        0,
        0,
        0,
        0,
        0,
        0,
        0,
        0,
        0,
        0,
        0,
        0,
        0
      ]
    }
  ]
}
